<?xml version="1.0" encoding="UTF-8" standalone="yes"?>
<manifest>
  <control namespace="Sample" constructor="PercentFormat" version="0.0.22" display-name-key="PercentFormat_Display_Key" description-key="PercentFormat_Desc_Key" control-type="standard" api-version="1.2.1">
    <property name="valueToFormat" display-name-key="valueToFormat_Display_Key" description-key="valueToFormat_Desc_Key" of-type-group="DecimalGroup" usage="bound" required="true"/>
    <property name="useActual" display-name-key="useActual_Display_Key" description-key="useActual_Desc_Key" of-type="Enum" usage="input" required="true" default-value="Yes">
      <value name="Yes" display-name-key="useActualYes_Display_Key" description-key="useActualYes_Desc_Key">Yes</value>
      <value name="No" display-name-key="useActualNo_Display_Key" description-key="useActualNo_Desc_Key">No</value>
    </property>
    <type-group name="DecimalGroup">
      <type>Decimal</type>
      <type>FP</type>
    </type-group>
    <resources>
      <code path="bundle.js" order="1"/>
      <resx path="strings/PercentFormat.1033.resx" version="1.0.0"/>
      <css path="css/PercentFormat.css"/>
    </resources>
    <built-by name="pac" version="1.2.6"/>
  </control>
</manifest>